"Name","learning_rate","similarity","layer_sizes","weight_decay","n_conv_layers","dropout","_wandb","validation_r2_fold_4","cv_validation_average_r","train_mse_fold_0","final_validation_mse_fold_2","final_validation_r_fold_4","final_validation_r2_fold_1","train_r_fold_4","train_r2_fold_0","train_mse_fold_2","cv_validation_average_mse","validation_r2_fold_1","train_r_fold_2","final_validation_r2_fold_0","final_validation_r_fold_0","train_r_fold_3","train_mse_fold_1","train_r2_fold_3","validation_mse_fold_1","train_r2_fold_4","final_validation_r2_fold_2","train_r2_fold_2","train_mse_fold_4","validation_r_fold_0","validation_r_fold_2","cv_validation_average_r2","validation_r_fold_3","validation_mse_fold_2","final_validation_r_fold_1","final_validation_mse_fold_3","train_r2_fold_1","train_mse_fold_3","validation_mse_fold_4","validation_r_fold_1","final_validation_mse_fold_4","final_validation_r2_fold_4","train_r_fold_0","train_r_fold_1","final_validation_mse_fold_0","validation_r2_fold_0","validation_r2_fold_3","validation_r_fold_4","validation_mse_fold_0","final_validation_mse_fold_1","final_validation_r_fold_2","validation_r2_fold_2","final_validation_r_fold_3","final_validation_r2_fold_3","validation_mse_fold_3"
"summer-sweep-50-fold-4","0.006983971690381263","(['SEX', 'ICD10', 'FI', 'FTE', 'MEM'], 0.9)","[1024, 512, 512, 256, 256, 1]","0.0131183268667468","5","0.32194083316663824","null","0.17392249323224096","[0.7098480072291622,0]","12.939878463745115","27.113853454589844","[0.7095156613468097,0]","0.5058305682100515","0.748598832417809","0.7683183164165623","54.350364685058594","28.045074462890625","-1.2930801598050614","0.535140558035845","0.491006882648385","[0.7088091970691921,0]","0.6725352307894762","124.19913482666016","0.3145127254918606","129.0515594482422","0.5271632134328437","0.5084817691314987","0.02967777449406328","26.335983276367188","0.6826710187118937","0.397349443722171","0.49775644377090433","0.4944708311536467","70.51229858398438","[0.7158250002032253,0]","28.58544158935547","-1.228427692970364","38.33708190917969","46.61334228515625","-0.04786370508421568","28.305063247680664","0.4983802340327145","0.8908455585984789","-0.024126921678184192","28.40980529785156","0.4536490478138724","-0.0769385853022646","0.5501831499441232","30.494958877563477","27.811208724975582","[0.7138105142100741,0]","-0.2782425569726652","[0.7012796633165099,0]","0.48508276483187174","59.785850524902344"
"flowing-sweep-61-fold-4","0.006187260126169093","(['SEX', 'ICD10', 'MEM', 'FTE'], 0.8)","[1024, 512, 512, 512, 256, 256, 1]","0.0020835932635025387","3","0.042080138909615594","null","0.46990193036018346","[0.7042792789490768,0]","1.317448973655701","27.83806800842285","[0.7066580580068083,0]","0.4976216447394517","0.9887454453715174","0.9764117727710794","1.5747103691101074","28.372438430786133","0.3847716792769532","0.9859495000440336","0.48605106521910857","[0.7040143790577951,0]","0.9599435152576374","5.677607536315918","0.9123895560354492","34.624244689941406","0.9774714021651916","0.4953532525253512","0.9718865450239744","1.2547938823699951","0.6969239412086602","0.6951885512612594","0.4918799151077501","0.672953726767592","29.588037490844727","[0.7054645838517555,0]","28.60481071472168","0.8981302197031732","4.899767875671387","29.912017822265625","0.6523248752070441","28.459699630737305","0.4956397631276359","0.9885164826329358","0.947742406449288","28.686418533325195","0.4657361057270567","0.4441817530746768","0.6961519305222434","29.8203125","28.273195266723633","[0.7061591373231205,0]","0.46362986693711183","[0.6991002365059049,0]","0.4847338499272027","30.85604476928711"
"electric-sweep-30-fold-4","0.0050954368376260354","(['SEX', 'ICD10', 'MEM', 'FTE'], 0.8)","[1024, 512, 256, 128, 128, 1]","0.016171046376906723","1","0.048595537070782735","null","-0.1902276819930384","[0.7007915945877421,0]","13.561368942260742","28.717859268188477","[0.7035426669499019,0]","0.4991223727622909","0.7384308586915473","0.7571908792442119","17.176511764526367","28.52359619140625","-0.1382973265000591","0.8345367088768044","0.4945684195232672","[0.7037947355800219,0]","0.8336610401060035","42.1328239440918","0.6942150027336031","64.06188201904297","0.30851098225549944","0.47940443279541345","0.6933460932246174","38.51443862915039","0.6501634284539282","0.6645844887615671","0.48914424628694386","0.6224004198617943","31.88591957092285","[0.7074797532704962,0]","28.685136795043945","0.24403695839158124","17.101564407348633","67.16136932373047","0.3839937184551499","28.815231323242188","0.48933907454387326","0.8723313815135912","0.5946704091216007","28.211015701293945","0.3598143052714089","0.3569909615105664","0.5175827134716797","35.7324104309082","28.188737869262695","[0.6932982696393085,0]","0.4219740981557676","[0.6958425474989822,0]","0.4832869318098747","35.6964111328125"
"youthful-sweep-77-fold-4","0.004731121299114848","(['SEX', 'ICD10', 'MEM', 'FI'], 0.8)","[512, 512, 512, 256, 128, 1]","0.00251714121630554","2","0.237940322006624","null","0.2186470565683114","[0.7000994553788613,0]","13.484721183776855","27.403358459472656","[0.7061104958807551,0]","0.4704784528116741","0.8779156536916397","0.7585632243951876","16.809091567993164","28.85345039367676","0.1419280008370356","0.8620984967851443","0.4650550103276042","[0.6846188494241552,0]","0.8892553107783808","17.528560638427734","0.7600370386879252","48.29116439819336","0.7390637228043133","0.5032336302414261","0.6999057185050566","14.533583641052246","0.5594674401398564","0.6065868085397955","0.4833285335281515","0.6129500148801028","44.69581604003906","[0.695458112066512,0]","28.64630126953125","0.6854959192564893","13.420350074768066","44.089656829833984","0.5589029616136849","28.55848503112793","0.4938891000193675","0.8788048520489653","0.8488862477002375","29.858327865600582","0.22647584022264533","0.2576809665627471","0.6042764636895614","43.1747932434082","29.800779342651367","[0.7122666151406618,0]","0.18975702002757677","[0.7020432043822225,0]","0.48398647424068586","41.209571838378906"
"scarlet-sweep-74-fold-4","0.01579633215817787","(['SEX', 'ICD10', 'MEM', 'FI'], 0.8)","[1024, 512, 256, 128, 128, 1]","0.003113843584410652","5","0.3754424425123637","null","0.43634618723387586","[0.6989406541235141,0]","11.838461875915527","28.475820541381836","[0.7123489497278118,0]","0.4805008140584729","0.9813743185749172","0.7880386052554587","19.263517379760746","28.875276947021483","0.4574644101104369","0.8349008316011709","0.47136746836133","[0.6879013612870256,0]","0.8721838384366326","2.28322172164917","0.7605207719296514","30.533191680908203","0.9573418495105308","0.483792102351132","0.6560865750463586","2.375966310501098","0.5886956647096439","0.5408033789871565","0.48288327107551055","0.6007334354091052","50.51895523071289","[0.6947742835939357,0]","28.4803466796875","0.9590335727416918","13.393296241760254","31.805477142333984","0.6852905336971342","28.677490234375","0.49178010602409394","0.8893282294223257","0.9803629879796104","29.505992889404297","0.23801108677569827","0.3039101813098858","0.69874347737605","42.53094100952149","29.23673439025879","[0.6994393921097604,0]","0.0841955454310408","[0.7002392838990377,0]","0.48697586458252407","38.64316940307617"
"young-sweep-17-fold-4","0.010272562225163012","(['SEX', 'ICD10', 'MEM', 'FI'], 0.8)","[1024, 512, 256, 128, 128, 1]","0.005340796333514823","3","0.3869980398211871","null","0.14025590884056416","[0.6958769303528729,0]","56.65003967285156","27.65993309020996","[0.6927719497379868,0]","0.47115486963072895","0.7430897966322777","-0.014288965995485016","32.494544982910156","29.02051658630371","0.07404904037222737","0.7155600827773289","0.4779209385254485","[0.6918821232206938,0]","0.7120205043901715","32.970733642578125","0.3870185189632922","52.11130905151367","0.4762134906926632","0.4985824715724741","0.4198717748734147","29.17377281188965","0.35775312855146785","0.5037897114036678","0.4803489936230213","0.4995286742626579","55.77470397949219","[0.6931678216216428,0]","29.096481323242188","0.4084266030167566","34.282066345214844","48.5130615234375","0.5026500847559273","29.443248748779297","0.4782094096434806","0.4996609581990209","0.6986445790866538","29.140207290649418","-0.3139975575805658","-0.05145688587371056","0.5555860973624862","73.34169006347656","29.762712478637695","[0.7063747770259314,0]","-0.01108033092616001","[0.6951879801581095,0]","0.4758772787429745","58.37124252319336"
"dashing-sweep-54-fold-4","0.0045256633162680015","(['SEX', 'ICD10', 'MEM', 'FTE'], 0.8)","[1024, 512, 256, 128, 128, 1]","0.002351388193505844","2","0.26849405413095573","null","0.2011513641172683","[0.6945821320902276,0]","15.899333000183104","28.80356788635254","[0.7019158216185543,0]","0.4774778141453117","0.8704882186366786","0.7153308411709405","15.590699195861816","29.119125747680663","0.24010036618703","0.8876298965877545","0.4669753355746637","[0.6837737876832309,0]","0.8529450543668242","15.068085670471191","0.6550718494461854","42.76615905761719","0.7211674140150872","0.4778507252330071","0.721657776640979","15.530369758605955","0.5776611246024588","0.6136992917848356","0.478500258062949","0.563700272078127","45.669700622558594","[0.6921982690641979,0]","28.88902473449707","0.7296426971991157","19.290714263916016","45.0768928527832","0.6083591493563042","28.74502944946289","0.4905831790071036","0.864706943359556","0.8823750398952888","29.751142501831055","0.1886910882556473","0.1066819413633826","0.5839818847754087","45.28376770019531","29.40686416625977","[0.6964048830835728,0]","0.1721024549067488","[0.6986178990015823,0]","0.4796142363546586","49.59222030639648"
"woven-sweep-27-fold-4","0.00569925808192934","(['SEX', 'ICD10', 'MEM', 'FI'], 0.8)","[1024, 512, 256, 128, 128, 1]","0.03758771377121092","3","0.05991964420060969","null","0.05799242048244857","[0.6922188045332194,0]","26.07873153686523","28.7952823638916","[0.7008411846426895,0]","0.4818470836748707","0.44700691754997046","0.5330741435126696","21.73879051208496","29.173485946655273","0.3237511040633224","0.7915464557968355","0.46280860242598654","[0.6805624182546326,0]","0.685321352564015","26.507984161376953","0.4143179848064372","38.05840301513672","0.1455891746930793","0.4780009241638138","0.6118952695019182","47.588829040527344","0.6614248159119038","0.6693326575169761","0.47752028670299407","0.5992967937359892","32.90104675292969","[0.6942881536800466,0]","29.070173263549805","0.5243837227386574","32.75529479980469","53.154972076416016","0.611579097131034","28.8572940826416","0.4885936489584699","0.7368919111837845","0.73344135117002","29.983713150024418","0.41009436764273566","0.2866911648058723","0.37881474075330096","32.925994873046875","29.160966873168945","[0.6942449596190878,0]","0.403571912785349","[0.6911573064696402,0]","0.47635117429182927","39.599082946777344"
"dainty-sweep-46-fold-4","0.0035035861395535123","(['SEX', 'ICD10', 'MEM', 'FI'], 0.8)","[2048, 1024, 512, 256, 128, 1]","0.01894284554580028","4","0.4264908648786356","null","0.03348802703735909","[0.6895172047484973,0]","47.329246520996094","29.015533447265625","[0.7089492442403993,0]","0.45929453497975326","0.5288536513026337","0.15259489216951894","40.839622497558594","29.49111404418945","-0.0736263865032345","0.6390617780581689","0.4715546617407709","[0.6898323436651017,0]","0.480594924993315","56.21446228027344","0.0411695202633956","60.42229080200195","0.1148028440046891","0.47400822841843415","0.27088627230985185","49.30356216430664","0.45692338323677106","0.5308615561928802","0.47181276481284823","0.4291918206376221","53.227535247802734","[0.679992421060996,0]","30.23259162902832","-0.008621164990074481","53.62428283691406","54.53768539428711","0.33707558799781456","28.28170585632324","0.4987941784969559","0.5506887188519268","0.3707089620893992","29.49554443359375","-0.001022171908270364","-0.0460981610598028","0.48801595207991166","55.87274932861328","30.430194854736328","[0.6894907591380667,0]","0.03509465703049364","[0.6793212556379227,0]","0.45541222042832674","58.073753356933594"
"fallen-sweep-47-fold-4","0.013029852138182488","(['SEX', 'ICD10', 'MEM', 'FTE'], 0.8)","[512, 512, 512, 256, 128, 1]","0.0011194118055831992","5","0.35811158088890316","null","0.3981843357949886","[0.6939426032566216,0]","4.5942463874816895","29.548038482666016","[0.6978329744223422,0]","0.46599733464245463","0.9596380191716246","0.917742446592972","1.5774967670440674","29.74815368652344","0.4256734380274936","0.9859249643304566","0.4668545990655611","[0.6930959269430871,0]","0.9857093890455492","2.678591012954712","0.96846568511088","32.32234573364258","0.9192425588859308","0.46435499868172914","0.9718367987944933","4.498013973236084","0.6791738158870483","0.6824833705261253","0.4672337339108855","0.6830199978307834","30.577119827270508","[0.6910079526472408,0]","29.78461265563965","0.9519397063883134","1.7636120319366455","33.95884704589844","0.6702253576334306","29.59726333618164","0.47547996813194815","0.9582107679696946","0.9761745654130418","29.757883071899418","0.4191922102979804","0.4137100336093025","0.675729051078066","32.418190002441406","30.05297088623047","[0.7002554960938363,0]","0.4456998689062487","[0.6875206661766022,0]","0.46348176903273464","32.547672271728516"
"copper-sweep-45-fold-4","0.0043174661622156635","(['SEX', 'ICD10', 'MEM', 'FTE'], 0.8)","[512, 512, 512, 256, 128, 1]","0.007556830642680265","2","0.29511279838426024","null","-0.03089458606286133","[0.6892525777171341,0]","24.51259422302246","29.003217697143555","[0.6872434404056991,0]","0.4633693522393296","0.780485291069819","0.5611149466909935","19.20105361938477","29.762745666503907","0.1809236748689468","0.8318697439207603","0.4709948749434537","[0.6863468399523379,0]","0.8486338175829723","19.742259979248047","0.6579261469910938","46.0965461730957","0.5459843900597725","0.474231494929523","0.657201767948698","25.287683486938477","0.4977229971711997","0.5832955252089754","0.467076758412326","0.5873500973095325","43.68576431274414","[0.6849861645537161,0]","28.930330276489254","0.6457768744557163","19.13108253479004","58.170623779296875","0.563451870973636","31.15251922607422","0.4479178704061918","0.791943836620895","0.8290920923654587","29.526790618896484","0.01879576992762","0.14468609202112348","0.4529238427619823","54.76659393310547","30.200870513916016","[0.6945562948092244,0]","0.20806725521916747","[0.6931301488646928,0]","0.4788701995431317","47.48244094848633"
"dry-sweep-49-fold-2","0.018055142066174836","(['SEX', 'ICD10', 'FI', 'FTE', 'MEM'], 0.9)","[512, 512, 512, 256, 128, 1]","0.012427228133057836","3","0.17953253866418462","null","null","[0.6803307595078575,0]","75.23615264892578","30.61732482910156","null","0.46167532585104376","null","-0.34706353028398484","36.01222610473633","30.02349026997884","0.01446751304562066","0.6537754948202266","0.47762115169844743","[0.6923868875781608,0]","null","49.30517578125","null","55.4644775390625","null","0.4449710442646033","0.35707030476368284","null","0.16877064182991527","0.5448800446925902","0.46142250727136486","null","47.12379455566406","[0.6800146971212361,0]","null","0.11534789599552776","null","null","0.49631163511005755","null","null","0.19408131896650516","0.5530376427142634","29.156938552856445","-0.3681676258344142","null","null","76.365234375","30.296207427978516","[0.6685906938241755,0]","0.14574272992519963","null","null","null"
"distinctive-sweep-12-fold-1","0.0033720233746451418","(['SEX', 'ICD10', 'MEM', 'FTE'], 0.8)","[512, 512, 512, 256, 128, 1]","0.001150100260569725","1","0.2872983403988878","null","null","[0.6890970562419709,0]","15.72231674194336","null","null","0.4628557871685456","null","0.7185002687406501","null","30.04796981811523","0.16588577096041668","null","0.4649145405154558","[0.6902180245741429,0]","null","17.067819595336914","null","46.94285583496094","null","null","null","null","0.5579623621112911","null","0.4638851638420007","null","null","[0.6879760879097989,0]","null","0.6937627260929873","null","null","0.5958083428548003","null","null","0.8665468022401972","0.8770993237125569","29.866167068481445","0.18652817351868137","null","null","45.40449905395508","30.229772567749023","null","null","null","null","null"
"charmed-sweep-48-fold-0","0.0029924032238664204","(['SEX', 'ICD10', 'FI', 'FTE', 'MEM'], 0.9)","[1024, 512, 512, 256, 256, 128, 128, 1]","0.022626556832289993","1","0.32684681279751066","null","null","[0.6831756411323457,0]","36.26762390136719","null","null","null","null","0.3506473892299662","null","30.18755340576172","null","null","0.4591565527170507","[0.6831756411323457,0]","null","null","null","null","null","null","null","null","0.5532632914384542","null","0.4591565527170507","null","null","null","null","null","null","null","null","null","null","0.7414321805493594","null","30.18755340576172","-0.08052893506768677","null","null","60.31048202514648","null","null","null","null","null","null"
"playful-sweep-18-fold-0","0.00310172279712266","(['SEX', 'ICD10', 'MEM', 'FI'], 0.8)","[512, 512, 512, 256, 128, 1]","0.00445195553633365","2","0.3726842756556149","null","null","[0.6830042434253143,0]","23.592294692993164","null","null","null","null","0.5775924817148068","null","30.24679946899414","null","null","0.4580951154680023","[0.6830042434253143,0]","null","null","null","null","null","null","null","null","0.5311366540374185","null","0.4580951154680023","null","null","null","null","null","null","null","null","null","null","0.7987906052583713","null","30.24679946899414","0.0740838132964623","null","null","51.680660247802734","null","null","null","null","null","null"
"earnest-sweep-66-fold-0","0.010215289568609764","(['SEX', 'ICD10', 'MEM', 'FI'], 0.8)","[1024, 512, 256, 128, 128, 1]","0.002796161932061069","4","0.4045089876165577","null","null","[0.6826260981619885,0]","30.068363189697266","null","null","null","null","0.46164185667032576","null","30.35707092285156","null","null","0.4561194791255974","[0.6826260981619885,0]","null","null","null","null","null","null","null","null","0.503008581807376","null","0.4561194791255974","null","null","null","null","null","null","null","null","null","null","0.7400513550932477","null","30.35707092285156","0.01124325306381302","null","null","55.18814849853515","null","null","null","null","null","null"
"helpful-sweep-80-fold-0","0.004442946811674807","(['SEX', 'ICD10', 'MEM', 'FI'], 0.8)","[1024, 512, 512, 256, 256, 128, 128, 1]","0.01019044341153822","2","0.10208628501338812","null","null","[0.6829836820609136,0]","13.043054580688477","null","null","null","null","0.7664709941344331","null","30.368824005126953","null","null","0.4559089088046915","[0.6829836820609136,0]","null","null","null","null","null","null","null","null","0.6131269623761233","null","0.4559089088046915","null","null","null","null","null","null","null","null","null","null","0.8820758198155135","null","30.368824005126953","0.2744883193929588","null","null","40.49494171142578","null","null","null","null","null","null"
"dry-sweep-68-fold-0","0.007226150920065716","(['SEX', 'ICD10', 'MEM', 'FI'], 0.8)","[1024, 512, 256, 128, 128, 1]","0.0011375311256505778","2","0.37856598223761817","null","null","[0.6827289398743656,0]","25.31344223022461","null","null","null","null","0.5467762144974024","null","30.50872802734375","null","null","0.4534023601089999","[0.6827289398743656,0]","null","null","null","null","null","null","null","null","0.5342080776374101","null","0.4534023601089999","null","null","null","null","null","null","null","null","null","null","0.801083545195749","null","30.50872802734375","0.02405091863753672","null","null","54.47327423095703","null","null","null","null","null","null"
"trim-sweep-64-fold-0","0.008702258976855672","(['SEX', 'ICD10', 'MEM', 'FI'], 0.8)","[1024, 512, 256, 128, 128, 1]","0.00302448899729052","3","0.3748933876746085","null","null","[0.6725049196718604,0]","37.06185150146485","null","null","null","null","0.33642714152849684","null","30.652366638183594","null","null","0.4508289017934728","[0.6725049196718604,0]","null","null","null","null","null","null","null","null","0.4180479384457399","null","0.4508289017934728","null","null","null","null","null","null","null","null","null","null","0.6787723436788","null","30.652366638183594","-0.1698013290690883","null","null","65.29327392578125","null","null","null","null","null","null"
"icy-sweep-20-fold-0","0.02036521178751892","(['SEX', 'ICD10', 'MEM', 'FI'], 0.8)","[1024, 512, 256, 128, 128, 1]","0.0029882789623811397","1","0.4259069846155763","null","null","[0.6790773090834928,0]","27.971820831298828","null","null","null","null","0.499179346196297","null","30.67768669128418","null","null","0.4503752775451302","[0.6790773090834928,0]","null","null","null","null","null","null","null","null","0.5249621680102742","null","0.4503752775451302","null","null","null","null","null","null","null","null","null","null","0.7612391538929781","null","30.67768669128418","0.05057061648951289","null","null","52.993064880371094","null","null","null","null","null","null"
"whole-sweep-56-fold-0","0.0093511836267193","(['SEX', 'ICD10', 'MEM', 'FI'], 0.8)","[1024, 512, 256, 128, 128, 1]","0.0022221868238174194","4","0.268046009009354","null","null","[0.691864447905344,0]","14.925384521484377","null","null","null","null","0.7327688749000331","null","30.68709945678711","null","null","0.45020663263530736","[0.691864447905344,0]","null","null","null","null","null","null","null","null","0.5789122340836846","null","0.45020663263530736","null","null","null","null","null","null","null","null","null","null","0.8777752367698808","null","30.68709945678711","0.22202031452516036","null","null","43.42347717285156","null","null","null","null","null","null"
"polished-sweep-19-fold-0","0.009581491408405064","(['SEX', 'ICD10', 'MEM', 'FI'], 0.8)","[512, 512, 512, 256, 128, 1]","0.009812438637762908","1","0.4464509411990067","null","null","[0.6724382862003448,0]","42.56588363647461","null","null","null","null","0.23788037806969353","null","30.82514762878418","null","null","0.4477333696726334","[0.6724382862003448,0]","null","null","null","null","null","null","null","null","0.42892941428978393","null","0.4477333696726334","null","null","null","null","null","null","null","null","null","null","0.638615028317053","null","30.82514762878418","-0.1994878782510201","null","null","66.95025634765625","null","null","null","null","null","null"
"trim-sweep-79-fold-0","0.004296036139186036","(['SEX', 'ICD10', 'MEM', 'FTE'], 0.8)","[512, 512, 512, 256, 128, 1]","0.011211139159187497","2","0.22225845884566364","null","null","[0.6698241886156151,0]","15.686991691589355","null","null","null","null","0.719132710446981","null","30.886096954345703","null","null","0.44664138512846174","[0.6698241886156151,0]","null","null","null","null","null","null","null","null","0.5962482253059247","null","0.44664138512846174","null","null","null","null","null","null","null","null","null","null","0.8640836755341579","null","30.886096954345703","0.22300819713573072","null","null","43.36833953857422","null","null","null","null","null","null"
"ruby-sweep-37-fold-0","0.012559896861177849","(['SEX', 'ICD10', 'MEM', 'FI'], 0.8)","[1024, 512, 512, 256, 256, 128, 128, 1]","0.0008761673764725138","1","0.4372934977969198","null","null","[0.6711793259918307,0]","31.00238037109375","null","null","null","null","0.44491877972165295","null","30.917160034179688","null","null","0.44608486267129377","[0.6711793259918307,0]","null","null","null","null","null","null","null","null","0.5147783570782709","null","0.44608486267129377","null","null","null","null","null","null","null","null","null","null","0.7404181640948604","null","30.917160034179688","0.005738259040885096","null","null","55.49541091918945","null","null","null","null","null","null"
"pious-sweep-34-fold-0","0.004783786974093574","(['SEX', 'ICD10', 'MEM', 'FI'], 0.8)","[1024, 512, 256, 128, 128, 1]","0.0031180480487219622","3","0.25792830335842803","null","null","[0.6725958162148569,0]","15.377511024475098","null","null","null","null","0.7246738146806581","null","30.932950973510746","null","null","0.4458019547345773","[0.6725958162148569,0]","null","null","null","null","null","null","null","null","0.5927150330713341","null","0.4458019547345773","null","null","null","null","null","null","null","null","null","null","0.8810674787170423","null","30.932950973510746","0.18929316189684","null","null","45.25016784667969","null","null","null","null","null","null"
"flowing-sweep-75-fold-0","0.00722969053015456","(['SEX', 'ICD10', 'MEM', 'FI'], 0.8)","[1024, 512, 256, 128, 128, 1]","0.0006697629770308736","3","0.23033840482138868","null","null","[0.6747479135418374,0]","12.56568717956543","null","null","null","null","0.7750180346344884","null","31.07240295410156","null","null","0.4433034916809273","[0.6747479135418374,0]","null","null","null","null","null","null","null","null","0.6120509467586382","null","0.4433034916809273","null","null","null","null","null","null","null","null","null","null","0.9042578674945564","null","31.07240295410156","0.21480351554430277","null","null","43.82628631591797","null","null","null","null","null","null"
"fiery-sweep-57-fold-0","0.009568135117987127","(['SEX', 'ICD10', 'MEM', 'FTE'], 0.8)","[1024, 512, 256, 128, 128, 1]","0.009452759233715616","4","0.4916555617720141","null","null","[0.6829266454758672,0]","43.957489013671875","null","null","null","null","0.21296438779625837","null","31.12345314025879","null","null","0.4423888752020418","[0.6829266454758672,0]","null","null","null","null","null","null","null","null","0.4896027770859031","null","0.4423888752020418","null","null","null","null","null","null","null","null","null","null","0.6215897369032866","null","31.12345314025879","-0.040215910767607","null","null","58.06037902832031","null","null","null","null","null","null"
"exalted-sweep-15-fold-0","0.0012186871744786288","(['SEX', 'ICD10', 'MEM', 'FTE'], 0.8)","[512, 512, 512, 256, 128, 1]","0.0036170569977054126","2","0.25301182517966786","null","null","[0.6781716706149177,0]","13.944555282592772","null","null","null","null","0.7503301143901505","null","31.15412712097168","null","null","0.44183931937978216","[0.6781716706149177,0]","null","null","null","null","null","null","null","null","0.5926818154808898","null","0.44183931937978216","null","null","null","null","null","null","null","null","null","null","0.8812741333276789","null","31.15412712097168","0.24411422498875723","null","null","42.19029235839844","null","null","null","null","null","null"
"atomic-sweep-35-fold-0","0.025704947038238193","(['SEX', 'ICD10', 'MEM', 'FTE'], 0.8)","[512, 512, 512, 256, 128, 1]","0.006164376229676818","1","0.4725572043111914","null","null","[0.666542168141828,0]","41.48184585571289","null","null","null","null","0.2572895081605351","null","31.23859977722168","null","null","0.44032591645573615","[0.666542168141828,0]","null","null","null","null","null","null","null","null","0.48233048149609026","null","0.44032591645573615","null","null","null","null","null","null","null","null","null","null","0.6296100039491029","null","31.23859977722168","-0.016833489733114382","null","null","56.755271911621094","null","null","null","null","null","null"
"olive-sweep-16-fold-0","0.038202154188412024","(['SEX', 'ICD10', 'MEM', 'FI'], 0.8)","[512, 512, 512, 256, 128, 1]","0.003481256009318439","2","0.3482754430961115","null","null","[0.6639875373673244,0]","96.1953125","null","null","null","null","-0.7223260491836399","null","31.293615341186523","null","null","0.439340233370609","[0.6639875373673244,0]","null","null","null","null","null","null","null","null","0.18803617411519333","null","0.439340233370609","null","null","null","null","null","null","null","null","null","null","0.23854760352213983","null","31.293615341186523","-0.8710099733855268","null","null","104.43172454833984","null","null","null","null","null","null"
"young-sweep-73-fold-0","0.01219140334198722","(['SEX', 'ICD10', 'MEM', 'FTE'], 0.8)","[512, 512, 512, 256, 128, 1]","0.017585124131824243","3","0.15186332331031144","null","null","[0.6654308382387715,0]","35.09243392944336","null","null","null","null","0.371688512881418","null","31.518930435180664","null","null","0.4353034594338654","[0.6654308382387715,0]","null","null","null","null","null","null","null","null","0.5529447230414553","null","0.4353034594338654","null","null","null","null","null","null","null","null","null","null","0.6517459864488861","null","31.518930435180664","0.1966780143707012","null","null","44.83797836303711","null","null","null","null","null","null"
"daily-sweep-76-fold-0","0.005780810803482872","(['SEX', 'ICD10', 'MEM', 'FTE'], 0.8)","[512, 512, 512, 256, 128, 1]","0.003218115209859629","1","0.3895509877553195","null","null","[0.6765517403803272,0]","27.746028900146484","null","null","null","null","0.5032220129927294","null","31.56818199157715","null","null","0.4344210672786636","[0.6765517403803272,0]","null","null","null","null","null","null","null","null","0.5285485489698485","null","0.4344210672786636","null","null","null","null","null","null","null","null","null","null","0.7864839987623289","null","31.56818199157715","-0.0328645648844319","null","null","57.650054931640625","null","null","null","null","null","null"
"helpful-sweep-81-fold-0","0.0014027155901690702","(['SEX', 'ICD10', 'MEM', 'FTE'], 0.8)","[1024, 512, 512, 256, 256, 128, 128, 1]","0.02087542561340166","3","0.138553571763064","null","null","[0.6752196006334419,0]","11.967896461486816","null","null","null","null","0.7857211525970765","null","31.59531021118164","null","null","0.4339350425389267","[0.6752196006334419,0]","null","null","null","null","null","null","null","null","0.6087555597229852","null","0.4339350425389267","null","null","null","null","null","null","null","null","null","null","0.8918610468833507","null","31.59531021118164","0.2516147269231376","null","null","41.77164077758789","null","null","null","null","null","null"
"glowing-sweep-36-fold-0","0.0003940734361729214","(['SEX', 'ICD10', 'MEM', 'FI'], 0.8)","[1024, 512, 256, 128, 128, 1]","0.02249929780371564","3","0.1306298496378086","null","null","[0.668361190487763,0]","24.4770565032959","null","null","null","null","0.5617512653420145","null","31.626306533813477","null","null","0.4333797041463813","[0.668361190487763,0]","null","null","null","null","null","null","null","null","0.6058559558925551","null","0.4333797041463813","null","null","null","null","null","null","null","null","null","null","0.7511198756572655","null","31.626306533813477","0.3243029929092802","null","null","37.714500427246094","null","null","null","null","null","null"
"rosy-sweep-22-fold-0","0.006957940609039715","(['SEX', 'ICD10', 'MEM', 'FTE'], 0.8)","[1024, 512, 256, 128, 128, 1]","0.034695750802533745","3","0.3398650670841367","null","null","[0.662540016776398,0]","66.84925842285156","null","null","null","null","-0.19690058664375587","null","31.7569637298584","null","null","0.4310388538028901","[0.662540016776398,0]","null","null","null","null","null","null","null","null","0.3481015114498058","null","0.4310388538028901","null","null","null","null","null","null","null","null","null","null","0.3932366884076248","null","31.7569637298584","-0.28626719789425614","null","null","71.79390716552734","null","null","null","null","null","null"
"atomic-sweep-70-fold-0","0.015861853147508057","(['SEX', 'ICD10', 'MEM', 'FTE'], 0.8)","[1024, 512, 256, 128, 128, 1]","0.0009627768577943262","2","0.45128311114704367","null","null","[0.6553909953405147,0]","28.60176658630371","null","null","null","null","0.4879004908616612","null","32.130577087402344","null","null","0.4243451487007516","[0.6553909953405147,0]","null","null","null","null","null","null","null","null","0.5241242349083025","null","0.4243451487007516","null","null","null","null","null","null","null","null","null","null","0.77612525359657","null","32.130577087402344","-0.004146855727217291","null","null","56.04716110229492","null","null","null","null","null","null"
"dark-sweep-67-fold-0","0.010197419379639389","(['SEX', 'ICD10', 'MEM', 'FI'], 0.8)","[512, 512, 512, 256, 128, 1]","0.0038186803385288513","2","0.4122152775552198","null","null","[0.6630846673959438,0]","28.11101531982422","null","null","null","null","0.496687150183028","null","32.16726303100586","null","null","0.4236878701672608","[0.6630846673959438,0]","null","null","null","null","null","null","null","null","0.532486838860856","null","0.4236878701672608","null","null","null","null","null","null","null","null","null","null","0.7810279099222676","null","32.16726303100586","0.025122045478431443","null","null","54.41349411010742","null","null","null","null","null","null"
"classic-sweep-72-fold-0","0.0020046083868100425","(['SEX', 'ICD10', 'MEM', 'FI'], 0.8)","[1024, 512, 512, 256, 256, 128, 128, 1]","0.005359077911776072","3","0.02748397120610685","null","null","[0.6658475482107741,0]","3.5009689331054688","null","null","null","null","0.937317004247442","null","32.17227554321289","null","null","0.423598092232668","[0.6658475482107741,0]","null","null","null","null","null","null","null","null","0.6462865536720345","null","0.423598092232668","null","null","null","null","null","null","null","null","null","null","0.9685457596646002","null","32.17227554321289","0.3776503268744767","null","null","34.736881256103516","null","null","null","null","null","null"
"absurd-sweep-33-fold-0","0.03258153881414035","(['SEX', 'ICD10', 'MEM', 'FI'], 0.8)","[1024, 512, 512, 512, 256, 256, 1]","0.0004239659373480774","1","0.4838601161808933","null","null","[0.6509021278462848,0]","45.89924240112305","null","null","null","null","0.17819839586238106","null","32.18828582763672","null","null","0.4233112562022304","[0.6509021278462848,0]","null","null","null","null","null","null","null","null","0.4515148494747307","null","0.4233112562022304","null","null","null","null","null","null","null","null","null","null","0.515128320103607","null","32.18828582763672","0.06467870923094898","null","null","52.20560836791992","null","null","null","null","null","null"
"sweet-sweep-65-fold-0","0.019706873581476023","(['SEX', 'ICD10', 'MEM', 'FI'], 0.8)","[1024, 512, 256, 128, 128, 1]","0.0009678008352261612","2","0.4229514257445786","null","null","[0.6563255428773073,0]","26.68181800842285","null","null","null","null","0.5222761910120568","null","32.3314323425293","null","null","0.4207466047841888","[0.6563255428773073,0]","null","null","null","null","null","null","null","null","0.5204609604624295","null","0.4207466047841888","null","null","null","null","null","null","null","null","null","null","0.768887481223503","null","32.3314323425293","0.0599899764196814","null","null","52.46731948852539","null","null","null","null","null","null"
"worldly-sweep-8-fold-0","0.02589486722675028","(['SEX', 'ICD10', 'MEM', 'FI'], 0.8)","[1024, 512, 512, 256, 256, 128, 128, 1]","0.004429549347783354","2","0.46311262695672234","null","null","[0.6496567264402161,0]","49.727561950683594","null","null","null","null","0.1096543123120548","null","32.464962005615234","null","null","0.4183542537243252","[0.6496567264402161,0]","null","null","null","null","null","null","null","null","0.4637249923929886","null","0.4183542537243252","null","null","null","null","null","null","null","null","null","null","0.5286698286624623","null","32.464962005615234","-0.04075142871677917","null","null","58.09026718139648","null","null","null","null","null","null"
"electric-sweep-82-fold-0","0.0010060189277620371","(['SEX', 'ICD10', 'MEM', 'FI'], 0.8)","[1024, 512, 256, 128, 128, 1]","0.008326113442589027","1","0.13037586572366272","null","null","[0.6697065171063545,0]","9.131786346435549","null","null","null","null","0.8365001986679319","null","32.895652770996094","null","null","0.41063795786503055","[0.6697065171063545,0]","null","null","null","null","null","null","null","null","0.6229372454899563","null","0.41063795786503055","null","null","null","null","null","null","null","null","null","null","0.9243857398524336","null","32.895652770996094","0.26933982621753005","null","null","40.78230667114258","null","null","null","null","null","null"
"legendary-sweep-14-fold-0","0.010696994092678562","(['SEX', 'ICD10', 'MEM', 'FTE'], 0.8)","[2048, 1024, 512, 256, 128, 1]","0.0003270885138961898","1","0.480981390908583","null","null","[0.6595134979785703,0]","43.56928253173828","null","null","null","null","0.21991501422879445","null","32.96174240112305","null","null","0.4094538987586393","[0.6595134979785703,0]","null","null","null","null","null","null","null","null","0.4526305420969118","null","0.4094538987586393","null","null","null","null","null","null","null","null","null","null","0.625134967198954","null","32.96174240112305","-0.12817080909238965","null","null","62.96963882446289","null","null","null","null","null","null"
"rural-sweep-44-fold-0","0.0006671271218179989","(['SEX', 'ICD10', 'MEM', 'FI'], 0.8)","[1024, 512, 512, 512, 256, 256, 1]","0.013852057207326069","3","0.18643693349226637","null","null","[0.6719496036719319,0]","12.860499382019045","null","null","null","null","0.7697395834945964","null","33.049232482910156","null","null","0.4078864195641978","[0.6719496036719319,0]","null","null","null","null","null","null","null","null","0.6228573254701015","null","0.4078864195641978","null","null","null","null","null","null","null","null","null","null","0.9021311186756528","null","33.049232482910156","0.21870766422002508","null","null","43.60837936401367","null","null","null","null","null","null"
"quiet-sweep-28-fold-0","0.010451576637208686","(['SEX', 'ICD10', 'MEM', 'FTE'], 0.8)","[1024, 512, 512, 512, 256, 256, 1]","0.0011143301080900456","1","0.4676733508248685","null","null","[0.6511498882277315,0]","29.17545509338379","null","null","null","null","0.4776288666754803","null","34.026817321777344","null","null","0.39037187727611034","[0.6511498882277315,0]","null","null","null","null","null","null","null","null","0.4840064976749887","null","0.39037187727611034","null","null","null","null","null","null","null","null","null","null","0.7355706509494753","null","34.026817321777344","0.013406272219235515","null","null","55.06741714477539","null","null","null","null","null","null"
"rare-sweep-40-fold-0","0.0002236283000439972","(['SEX', 'ICD10', 'MEM', 'FTE'], 0.8)","[2048, 1024, 512, 256, 128, 1]","0.008220531824185785","2","0.02324883090386587","null","null","[0.6462317778607727,1e-323]","23.45083999633789","null","null","null","null","0.58012510333176","null","34.1685905456543","null","null","0.3878318559032924","[0.6462317778607727,1e-323]","null","null","null","null","null","null","null","null","0.6094384465125646","null","0.3878318559032924","null","null","null","null","null","null","null","null","null","null","0.7787961529914373","null","34.1685905456543","0.32475265710704027","null","null","37.68939971923828","null","null","null","null","null","null"
"astral-sweep-23-fold-0","0.04582833750674044","(['SEX', 'ICD10', 'MEM', 'FI'], 0.8)","[512, 512, 512, 256, 128, 1]","0.0005229775731011657","1","0.4839275185359064","null","null","[0.6208030047530153,5.8228309137812885e-292]","50.55085754394531","null","null","null","null","0.09491366655882973","null","34.306488037109375","null","null","0.3853613106915734","[0.6208030047530153,5.8228309137812885e-292]","null","null","null","null","null","null","null","null","0.4310305013506103","null","0.3853613106915734","null","null","null","null","null","null","null","null","null","null","0.4596336146341665","null","34.306488037109375","0.035491107035937386","null","null","53.83473587036133","null","null","null","null","null","null"
"happy-sweep-29-fold-0","0.032154299862819764","(['SEX', 'ICD10', 'MEM', 'FI'], 0.8)","[1024, 512, 512, 256, 256, 128, 128, 1]","0.008209099044512289","1","0.3894659586887472","null","null","[0.6078221195585645,1.0396275026805803e-276]","48.4808349609375","null","null","null","null","0.13197624130113472","null","35.19824981689453","null","null","0.36938438349008385","[0.6078221195585645,1.0396275026805803e-276]","null","null","null","null","null","null","null","null","0.466389771426574","null","0.36938438349008385","null","null","null","null","null","null","null","null","null","null","0.48674467779358555","null","35.19824981689453","0.0864576504171829","null","null","50.99000549316406","null","null","null","null","null","null"
"peach-sweep-31-fold-0","0.04529196884740334","(['SEX', 'ICD10', 'MEM', 'FTE'], 0.8)","[1024, 512, 256, 128, 128, 1]","0.007699085088979276","3","0.4977669457512644","null","null","[0.6062636035958109,6.320529379953743e-275]","62.93788528442383","null","null","null","null","-0.12686952620461045","null","35.7298698425293","null","null","0.3598598562952291","[0.6062636035958109,6.320529379953743e-275]","null","null","null","null","null","null","null","null","0.34444862895729367","null","0.3598598562952291","null","null","null","null","null","null","null","null","null","null","0.36128196077798824","null","35.7298698425293","-0.15792806988632346","null","null","64.63056182861328","null","null","null","null","null","null"
"radiant-sweep-38-fold-0","0.00021652910433034604","(['SEX', 'ICD10', 'MEM', 'FI'], 0.8)","[1024, 512, 256, 128, 128, 1]","0.010067156837100012","1","0.11227892184462474","null","null","[0.6224537254491225,5.9416117881430236e-294]","23.56287002563477","null","null","null","null","0.5781192992824256","null","35.906917572021484","null","null","0.3566878168020138","[0.6224537254491225,5.9416117881430236e-294]","null","null","null","null","null","null","null","null","0.5885439562445025","null","0.3566878168020138","null","null","null","null","null","null","null","null","null","null","0.7649043680791868","null","35.906917572021484","0.25869196027249974","null","null","41.37662506103515","null","null","null","null","null","null"
"fluent-sweep-58-fold-0","0.00019654822989753143","(['SEX', 'ICD10', 'MEM', 'FI'], 0.8)","[512, 512, 512, 256, 128, 1]","0.023725196448603103","3","0.0874986841140657","null","null","[0.630956353182629,2.114878544229519e-304]","22.01512908935547","null","null","null","null","0.6058307588674654","null","36.23709487915039","null","null","0.35077234107162725","[0.630956353182629,2.114878544229519e-304]","null","null","null","null","null","null","null","null","0.6093189826467454","null","0.35077234107162725","null","null","null","null","null","null","null","null","null","null","0.7831953407923368","null","36.23709487915039","0.3021377798751054","null","null","38.95166778564453","null","null","null","null","null","null"
"treasured-sweep-71-fold-0","0.022858956726520017","(['SEX', 'ICD10', 'MEM', 'FI'], 0.8)","[1024, 512, 256, 128, 128, 1]","0.019382629855067467","4","0.37628595351326294","null","null","[0.5599503051183747,3.923174130972936e-226]","83.15963745117188","null","null","null","null","-0.48892937928188873","null","38.81942367553711","null","null","0.3045070529233016","[0.5599503051183747,3.923174130972936e-226]","null","null","null","null","null","null","null","null","-0.013697969861051392","null","0.3045070529233016","null","null","null","null","null","null","null","null","null","null","-0.004210475105692985","null","38.81942367553711","-0.5270010139015835","null","null","85.23062896728516","null","null","null","null","null","null"
"summer-sweep-26-fold-0","0.004977125322334048","(['SEX', 'FTE', 'FI', 'MEM'], 0.8)","[1024, 512, 256, 128, 128, 1]","0.003055841040098525","2","0.3703491769933924","null","null","[0.52611247705569,4.469133974927376e-195]","43.83399200439453","null","null","null","null","0.21517566161194723","null","40.81578063964844","null","null","0.26874010198947096","[0.52611247705569,4.469133974927376e-195]","null","null","null","null","null","null","null","null","0.3892324104842836","null","0.26874010198947096","null","null","null","null","null","null","null","null","null","null","0.5563484359111086","null","40.81578063964844","-0.03880784819858585","null","null","57.98177719116211","null","null","null","null","null","null"
"leafy-sweep-52-fold-0","0.0002727581403900667","(['SEX', 'ICD10', 'MEM', 'FI'], 0.8)","[1024, 512, 512, 256, 256, 1]","0.007030053452799368","4","0.27944809503439055","null","null","[0.575324515738171,1.811704687528827e-241]","23.662538528442383","null","null","null","null","0.5763347876747626","null","40.821144104003906","null","null","0.26864402793192954","[0.575324515738171,1.811704687528827e-241]","null","null","null","null","null","null","null","null","0.5580273592446914","null","0.26864402793192954","null","null","null","null","null","null","null","null","null","null","0.7638086717548369","null","40.821144104003906","0.12025373424810117","null","null","49.10365295410156","null","null","null","null","null","null"
"pretty-sweep-13-fold-0","0.003629020956334467","(['SEX', 'FTE', 'FI', 'MEM'], 0.8)","[512, 512, 512, 256, 128, 1]","0.009301127828501402","4","0.32811946772671463","null","null","[0.5186152052307886,1.1633337661424958e-188]","45.245269775390625","null","null","null","null","0.18990741970107516","null","40.912574768066406","null","null","0.2670059260604112","[0.5186152052307886,1.1633337661424958e-188]","null","null","null","null","null","null","null","null","0.41321409458086944","null","0.2670059260604112","null","null","null","null","null","null","null","null","null","null","0.6081768139961368","null","40.912574768066406","-0.12702022868507012","null","null","62.90542221069336","null","null","null","null","null","null"
"eager-sweep-10-fold-0","0.00024950341627189547","(['SEX', 'ICD10', 'MEM', 'FTE'], 0.8)","[1024, 512, 256, 128, 128, 1]","0.003890024052675702","3","0.012204670562534548","null","null","[0.5700356094213326,4.220105223929162e-236]","21.288101196289062","null","null","null","null","0.6188477959373754","null","41.307037353515625","null","null","0.2599387141353886","[0.5700356094213326,4.220105223929162e-236]","null","null","null","null","null","null","null","null","0.5668369496401604","null","0.2599387141353886","null","null","null","null","null","null","null","null","null","null","0.8086701850801361","null","41.307037353515625","0.21091557550970197","null","null","44.04329681396485","null","null","null","null","null","null"
"peach-sweep-21-fold-0","0.003956968704038746","(['SEX', 'FTE', 'FI', 'MEM'], 0.8)","[1024, 512, 512, 256, 256, 128, 128, 1]","0.0012607854719282386","1","0.4782548348439978","null","null","[0.5163046013046739,1.0249547118865088e-186]","54.82891845703125","null","null","null","null","0.01831720230582212","null","41.48747634887695","null","null","0.25670592463722763","[0.5163046013046739,1.0249547118865088e-186]","null","null","null","null","null","null","null","null","0.3347498459801772","null","0.25670592463722763","null","null","null","null","null","null","null","null","null","null","0.4960477033061968","null","41.48747634887695","-0.26350072960299653","null","null","70.52317810058594","null","null","null","null","null","null"
"generous-sweep-60-fold-0","0.00856582288603103","(['SEX', 'FTE', 'FI', 'MEM'], 0.8)","[512, 512, 512, 256, 128, 1]","0.018992208301502535","1","0.4464259796723363","null","null","[0.5110256448320664,2.5031269834509133e-182]","66.53544616699219","null","null","null","null","-0.19128197081694265","null","41.54251480102539","null","null","0.25571988306846627","[0.5110256448320664,2.5031269834509133e-182]","null","null","null","null","null","null","null","null","0.29892197962691247","null","0.25571988306846627","null","null","null","null","null","null","null","null","null","null","0.3682945116483298","null","41.54251480102539","-0.313002051543231","null","null","73.28611755371094","null","null","null","null","null","null"
"sleek-sweep-69-fold-0","0.024675368147923087","(['SEX', 'ICD10', 'MEM', 'FI'], 0.8)","[1024, 512, 256, 128, 128, 1]","0.02576804436729362","4","0.3716733666198532","null","null","[0.5321490402612306,2.3242840211086273e-200]","89.45169067382812","null","null","null","null","-0.6015851737698839","null","42.32189178466797","null","null","0.2417564414756952","[0.5321490402612306,2.3242840211086273e-200]","null","null","null","null","null","null","null","null","0.06291042770110733","null","0.2417564414756952","null","null","null","null","null","null","null","null","null","null","0.06374263951794132","null","42.32189178466797","-0.5772465871154406","null","null","88.03511047363281","null","null","null","null","null","null"
"legendary-sweep-78-fold-0","0.030436438961157303","(['SEX', 'ICD10', 'MEM', 'FTE'], 0.8)","[1024, 512, 256, 128, 128, 1]","0.013404849928147245","4","0.2841277973405368","null","null","[0.5087116807981673,1.984211934605178e-180]","71.17031860351562","null","null","null","null","-0.2742669322119202","null","42.89772033691406","null","null","0.2314398675436239","[0.5087116807981673,1.984211934605178e-180]","null","null","null","null","null","null","null","null","0.14566162148256578","null","0.2314398675436239","null","null","null","null","null","null","null","null","null","null","0.15322083797730607","null","42.89772033691406","-0.3031832682299216","null","null","72.73807525634766","null","null","null","null","null","null"
"happy-sweep-24-fold-0","0.036406625244168093","(['SEX', 'ICD10', 'MEM', 'FTE'], 0.8)","[1024, 512, 512, 256, 256, 128, 128, 1]","0.00020015194043322923","1","0.4727525008344448","null","null","[0.420938595262605,3.303530854837104e-118]","62.19525909423828","null","null","null","null","-0.11357312402951814","null","46.43714904785156","null","null","0.16802707398130623","[0.420938595262605,3.303530854837104e-118]","null","null","null","null","null","null","null","null","0.19243720251937577","null","0.16802707398130623","null","null","null","null","null","null","null","null","null","null","0.19146121717394476","null","46.43714904785156","-0.12087968936435932","null","null","62.56267547607422","null","null","null","null","null","null"
"solar-sweep-42-fold-0","0.00009016192559972015","(['SEX', 'FTE', 'FI', 'MEM'], 0.8)","[1024, 512, 512, 256, 256, 128, 128, 1]","0.00014560163710256353","1","0.05157918525497279","null","null","[0.41224869718621415,5.503623520511922e-113]","39.079193115234375","null","null","null","null","0.30030778738772435","null","47.6577033996582","null","null","0.1461594834922456","[0.41224869718621415,5.503623520511922e-113]","null","null","null","null","null","null","null","null","0.3748712422550793","null","0.1461594834922456","null","null","null","null","null","null","null","null","null","null","0.5731426669620183","null","47.6577033996582","0.0515526756996284","null","null","52.93824768066406","null","null","null","null","null","null"
"fresh-sweep-55-fold-0","0.031681938489663615","(['SEX', 'ICD10', 'MEM', 'FI'], 0.8)","[512, 512, 512, 256, 128, 1]","0.03189080795171735","3","0.40889541329773654","null","null","[0.36436107027494824,7.447318349286338e-87]","147.4318389892578","null","null","null","null","-1.6396890473801444","null","48.91160202026367","null","null","0.12369448206924384","[0.36436107027494824,7.447318349286338e-87]","null","null","null","null","null","null","null","null","0.06199702215576349","null","0.12369448206924384","null","null","null","null","null","null","null","null","null","null","0.04768833865473847","null","48.91160202026367","-1.67817859741666","null","null","149.48440551757812","null","null","null","null","null","null"
"vivid-sweep-9-fold-0","0.00006861642859057069","(['SEX', 'ICD10', 'FI', 'FTE', 'MEM'], 0.8)","[1024, 512, 512, 512, 256, 256, 1]","0.0015310274658590448","3","0.24036952235705727","null","null","[0.3168085209149646,5.622958813800359e-65]","47.65092086791992","null","null","null","null","0.1468355261019586","null","53.08259582519531","null","null","0.0489665330886091","[0.3168085209149646,5.622958813800359e-65]","null","null","null","null","null","null","null","null","0.27790606866191336","null","0.0489665330886091","null","null","null","null","null","null","null","null","null","null","0.42832920016280474","null","53.08259582519531","-0.29314778975073885","null","null","72.17794036865234","null","null","null","null","null","null"
"atomic-sweep-41-fold-0","0.00039600961560136975","(['SEX', 'ICD10', 'FI', 'FTE', 'MEM'], 0.9)","[2048, 1024, 512, 256, 128, 1]","0.00008069515518160636","1","0.41697212021168945","null","null","[0.036736769101255874,0.05442226519617291]","80.02818298339844","null","null","null","null","-0.4328623730300387","null","55.89985275268555","null","null","-0.0015077435743984235","[0.036736769101255874,0.05442226519617291]","null","null","null","null","null","null","null","null","-0.003582912960214407","null","-0.0015077435743984235","null","null","null","null","null","null","null","null","null","null","-0.007220193307509861","null","55.89985275268555","-0.5874777557432862","null","null","88.60618591308594","null","null","null","null","null","null"
"grateful-sweep-11-fold-0","0.00006808079076475123","(['SEX', 'ICD10', 'MEM', 'FI'], 0.8)","[1024, 512, 512, 256, 256, 1]","0.01050700222047117","3","0.45081391086929734","null","null","[0.3405352705171989,2.0573800903665478e-75]","57.9017448425293","null","null","null","null","-0.036700220493352864","null","61.27571868896485","null","null","-0.09782235026906629","[0.3405352705171989,2.0573800903665478e-75]","null","null","null","null","null","null","null","null","0.26820625059928765","null","-0.09782235026906629","null","null","null","null","null","null","null","null","null","null","0.36817614885354566","null","61.27571868896485","-0.436836262590409","null","null","80.1980209350586","null","null","null","null","null","null"
"fresh-sweep-32-fold-0","0.0000527487578830045","(['SEX', 'ICD10', 'FI', 'FTE', 'MEM'], 0.9)","[1024, 512, 512, 512, 256, 256, 1]","0.007503746462187114","1","0.49117031855645055","null","null","[0.19653072845046016,2.813997941286019e-25]","84.53121185302734","null","null","null","null","-0.5134866812761469","null","86.88440704345703","null","null","-0.5566303333062399","[0.19653072845046016,2.813997941286019e-25]","null","null","null","null","null","null","null","null","0.1409766626544119","null","-0.5566303333062399","null","null","null","null","null","null","null","null","null","null","0.16722086701491923","null","86.88440704345703","-0.9857909685789714","null","null","110.83830261230467","null","null","null","null","null","null"
"firm-sweep-25-fold-0","0.00012002128416229196","(['SEX', 'ICD10', 'MEM', 'FTE'], 0.8)","[512, 512, 512, 256, 128, 1]","0.0035207236503214455","1","0.3748247431887614","null","null","[0.18534006201239528,1.2977294754544648e-22]","79.98715209960938","null","null","null","null","-0.432127565765426","null","87.82420349121094","null","null","-0.5734678149604469","[0.18534006201239528,1.2977294754544648e-22]","null","null","null","null","null","null","null","null","0.1932147646563467","null","-0.5734678149604469","null","null","null","null","null","null","null","null","null","null","0.20332492857879084","null","87.82420349121094","-0.8230072251095941","null","null","101.7524185180664","null","null","null","null","null","null"
"avid-sweep-62-fold-0","0.000190954667581853","(['SEX', 'ICD10', 'MEM', 'FI'], 0.8)","[1024, 512, 256, 128, 128, 1]","0.00014644591817606834","5","0.16404848083953533","null","null","[0.007831031239667996,0.6818908314975152]","126.64544677734376","null","null","null","null","-1.2675196449531336","null","217.9862060546875","null","null","-2.9054642886141697","[0.007831031239667996,0.6818908314975152]","null","null","null","null","null","null","null","null","0.015582652889476934","null","-2.9054642886141697","null","null","null","null","null","null","null","null","null","null","0.030783454163367117","null","217.9862060546875","-2.9714238918965963","null","null","221.6678009033203","null","null","null","null","null","null"
"dark-sweep-7-fold-0","0.00006550842472314341","(['SEX', 'ICD10', 'MEM', 'FTE'], 0.8)","[1024, 512, 512, 512, 256, 256, 1]","0.00006077220869106131","5","0.09410825516723131","null","null","[-0.03779350540718733,0.04783539410207805]","77.20599365234375","null","null","null","null","-0.3823324002396695","null","332.0765075683594","null","null","-4.949518356015685","[-0.03779350540718733,0.04783539410207805]","null","null","null","null","null","null","null","null","-0.06260277450662169","null","-4.949518356015685","null","null","null","null","null","null","null","null","null","null","-0.00344952438323391","null","332.0765075683594","-6.1687706230819215","null","null","400.1299133300781","null","null","null","null","null","null"
"golden-sweep-43-fold-0","0.0008367996726343227","(['SEX', 'FTE', 'FI', 'MEM'], 0.8)","[2048, 1024, 512, 256, 128, 1]","0.0007197055445102931","2","0.39955786214930833","null","null","null","null","null","null","null","null","null","null","null","null","null","null","null","null","null","null","null","null","null","null","null","null","null","null","null","null","null","null","null","null","null","null","null","null","null","null","null","null","null","null","null","null","null","null","null","null","null"
"firm-sweep-4-fold-1","0.03564050624047318","(['SEX', 'ICD10', 'MEM', 'FTE'], 0.8)","[1024, 512, 512, 256, 256, 1]","0.00016205112112398372","3","0.04259866850251931","null","null","null","31.72318458557129","null","null","null","null","0.4320131663719852","null","null","0.2638935967861733","null","0.4059543311260688","[0.6499228491224865,0]","null","22.20370864868164","null","41.42710494995117","null","null","null","null","0.566418568440863","null","null","null","null","null","null","0.601612640471254","null","null","0.5747876123196918","null","null","0.6943095958514731","0.7791654943437878","33.157073974609375","0.19143433209929928","null","null","45.13065719604492","null","null","null","null","null","null"
"proud-sweep-53-fold-0","0.004481041351579442","(['SEX', 'FTE', 'FI', 'MEM'], 0.8)","[1024, 512, 512, 512, 256, 256, 1]","0.0006438653967396788","5","0.27029094304281803","null","null","null","null","null","null","null","null","null","null","null","null","null","null","null","null","null","null","null","null","null","null","null","null","null","null","null","null","null","null","null","null","null","null","null","null","null","null","null","null","null","null","null","null","null","null","null","null","null"
"lunar-sweep-59-fold-0","0.0039235467735256714","(['SEX', 'FTE', 'FI', 'MEM'], 0.8)","[1024, 512, 256, 128, 128, 1]","0.02622503392768864","3","0.3634512592600186","null","null","null","null","null","null","null","null","null","null","null","null","null","null","null","null","null","null","null","null","null","null","null","null","null","null","null","null","null","null","null","null","null","null","null","null","null","null","null","null","null","null","null","null","null","null","null","null","null"
"trim-sweep-84","0.0024306185537081443","(['SEX', 'ICD10', 'MEM', 'FI'], 0.8)","[512, 512, 512, 256, 128, 1]","0.006716585858042592","3","0.06791455255619655","null","null","null","null","null","null","null","null","null","null","null","null","null","null","null","null","null","null","null","null","null","null","null","null","null","null","null","null","null","null","null","null","null","null","null","null","null","null","null","null","null","null","null","null","null","null","null","null","null"
"scarlet-sweep-6-fold-1","0.002806560254558315","(['SEX', 'FTE', 'FI', 'MEM'], 0.8)","[1024, 512, 512, 256, 256, 1]","0.00013577646422179826","1","0.11041382050006876","null","null","null","25.277782440185547","null","null","null","null","0.547414658771213","null","null","-0.21025851136682897","null","0.2493202564362208","[0.5191089518175518,4.447662357823464e-189]","null","68.07456970214844","null","68.11176300048828","null","null","null","null","0.5076214680875545","null","null","null","null","null","null","-0.22141964316912","null","null","-0.011865070848419326","null","null","0.7420593114374603","0.004354191239061931","41.89971160888672","0.2131776466883939","null","null","43.91704177856445","null","null","null","null","null","null"
"youthful-sweep-63-fold-0","0.003440693400160816","(['SEX', 'FTE', 'FI', 'MEM'], 0.8)","[512, 512, 512, 256, 128, 1]","0.0002408318640636659","3","0.1414612826578593","null","null","null","null","null","null","null","null","null","null","null","null","null","null","null","null","null","null","null","null","null","null","null","null","null","null","null","null","null","null","null","null","null","null","null","null","null","null","null","null","null","null","null","null","null","null","null","null","null"
"avid-sweep-2-fold-0","0.0002160433564080733","(['SEX', 'ICD10', 'FI', 'FTE', 'MEM'], 0.8)","[2048, 1024, 512, 256, 128, 1]","0.0001701123782460577","2","0.11737870496181874","null","null","null","null","null","null","null","null","null","null","null","null","null","null","null","null","null","null","null","null","null","null","null","null","null","null","null","null","null","null","null","null","null","null","null","null","null","null","null","null","null","null","null","null","null","null","null","null","null"
"stellar-sweep-83-fold-0","0.010567508317899757","(['SEX', 'ICD10', 'MEM', 'FTE'], 0.8)","[1024, 512, 256, 128, 128, 1]","0.021697463684438763","1","0.20115457639007872","null","null","null","58.33702087402344","null","null","null","null","-0.04449345142204031","null","null","null","null","null","null","null","null","null","null","null","null","null","null","0.15970931997516502","null","null","null","null","null","null","null","null","null","null","null","null","0.1878806052649417","null","null","-0.07060149568102436","null","null","59.75636672973633","null","null","null","null","null","null"
"trim-sweep-3-fold-0","0.0001122468029289497","(['SEX', 'ICD10', 'FI', 'FTE', 'MEM'], 0.8)","[512, 512, 512, 256, 128, 1]","0.045066514309637366","5","0.30063155262097613","null","null","null","226.66323852539065","null","null","null","null","-3.0582850649698807","null","null","null","null","null","null","null","null","null","null","null","null","null","null","0.22093001502622064","null","null","null","null","null","null","null","null","null","null","null","null","0.08793471711877754","null","null","-3.0406722561758395","null","null","225.5329437255859","null","null","null","null","null","null"
"colorful-sweep-1-fold-2","0.008259771496256126","(['SEX', 'ICD10', 'MEM', 'FI'], 0.8)","[2048, 1024, 512, 256, 128, 1]","0.0011007978924432525","3","0.4585307155750991","null","null","null","34.255859375","null","null","0.4664926738147849","null","0.3866669063073137","40.76747131347656","null","-0.030429116154897295","0.6741201409607044","0.46953464604811335","[0.6900007186589658,0]","null","33.080772399902344","null","57.991207122802734","null","null","0.27217451575795626","null","0.515589633658234","0.4927238365797548","null","null","59.90283203125","[0.6889106352427443,0]","null","0.4064522405018841","null","null","0.5381367377972313","null","null","0.7490431126270874","0.7566961412154459","29.608293533325195","-0.10766926424611234","null","null","61.82533264160156","30.02509307861328","null","-0.08591483585496063","null","null","null"
"swift-sweep-51-fold-0","0.031178953487680343","(['SEX', 'FTE', 'FI', 'MEM'], 0.8)","[1024, 512, 512, 256, 256, 128, 128, 1]","0.00013460740000785946","4","0.3174704764944292","null","null","null","3967.30126953125","null","null","null","null","-70.0324221453612","null","null","null","null","null","null","null","null","null","null","null","null","null","null","-0.00009316706105306702","null","null","null","null","null","null","null","null","null","null","null","null","-0.010834461493244229","null","null","-69.9934921478022","null","null","3962.551513671875","null","null","null","null","null","null"
"fallen-sweep-5-fold-0","0.0004225601503941926","(['SEX', 'ICD10', 'FI', 'FTE', 'MEM'], 0.8)","[1024, 512, 512, 256, 256, 1]","0.001992380718975544","4","0.07224671347358652","null","null","null","2202.0380859375","null","null","null","null","-38.42632310529677","null","null","null","null","null","null","null","null","null","null","null","null","null","null","-0.037677475706120525","null","null","null","null","null","null","null","null","null","null","null","null","0.016046177457616433","null","null","-40.284405073161594","null","null","2304.318115234375","null","null","null","null","null","null"
"atomic-sweep-39-fold-4","0.0042205012886521055","(['SEX', 'ICD10', 'MEM', 'FI'], 0.8)","[1024, 512, 256, 128, 128, 1]","0.008164316273475494","3","0.2787189096905844","null","-0.5954351719399948","null","24.61719512939453","28.796205520629883","null","0.4850665194516315","0.043201895553492256","0.5592421487690797","28.107074737548828","null","0.1977320256786617","0.7329421722271025","0.47657266826289135","[0.6932838041403865,0]","0.8279541473320153","19.557580947875977","0.6185795817809863","45.150596618652344","-0.6929416482138482","0.4779841943608808","0.4982017226490292","94.29317474365234","0.559001839537002","0.5256572371208834","null","0.6109809757158927","48.1918830871582","[0.702700937445669,0]","28.588720321655273","0.6490905054415577","21.331607818603516","90.0261459350586","0.579864264720757","null","null","0.8150255885624605","0.8287726712441638","29.21546173095703","0.02238949140266844","0.19472139581238057","0.06232075179092812","54.566009521484375","28.979782104492188","[0.6944722166571576,0]","0.12638059044596917","[0.6975847678262994,0]","0.4850236940309258","44.70474624633789"